issue,date,numbers,digits
2025302,2025-11-12,346,3
2025303,2025-11-13,346,3
2025304,2025-11-14,346,3
2025305,2025-11-15,346,3
2025306,2025-11-16,346,3
2025307,2025-11-17,346,3
2025308,2025-11-18,346,3
2025309,2025-11-19,346,3
2025310,2025-11-20,346,3
2025311,2025-11-21,346,3
2025312,2025-11-22,346,3
2025313,2025-11-23,346,3
2025314,2025-11-24,346,3
2025315,2025-11-25,346,3
2025316,2025-11-26,346,3
2025317,2025-11-27,346,3
2025318,2025-11-28,346,3
2025319,2025-11-29,346,3
2025320,2025-11-30,346,3
2025321,2025-12-01,346,3
2025322,2025-12-02,346,3
2025323,2025-12-03,346,3
2025324,2025-12-04,346,3
2025325,2025-12-05,346,3
2025326,2025-12-06,346,3
2025327,2025-12-07,346,3
2025328,2025-12-08,346,3
2025329,2025-12-09,346,3
2025330,2025-12-10,346,3
2025331,2025-12-11,346,3
2025332,2025-12-12,346,3
2025333,2025-12-13,346,3
2025334,2025-12-14,346,3
2025335,2025-12-15,346,3
2025336,2025-12-16,346,3
2025337,2025-12-17,346,3
2025338,2025-12-18,346,3
2025339,2025-12-19,346,3
2025340,2025-12-20,346,3
2025341,2025-12-21,346,3
2025342,2025-12-22,346,3
2025343,2025-12-23,346,3
2025344,2025-12-24,346,3
2025345,2025-12-25,346,3
2025346,2025-12-26,346,3
2025347,2025-12-27,346,3
2025348,2025-12-28,346,3
2025349,2025-12-29,346,3
2025350,2025-12-30,346,3
2025351,2025-12-31,346,3
2026001,2026-01-01,346,3
2026002,2026-01-02,346,3
2026003,2026-01-03,346,3
2026004,2026-01-04,346,3
2026005,2026-01-05,346,3
2026006,2026-01-06,346,3
2026007,2026-01-07,346,3
2026008,2026-01-08,346,3
2026009,2026-01-09,346,3
2026010,2026-01-10,346,3
2026011,2026-01-11,346,3
2026012,2026-01-12,346,3
2026013,2026-01-13,346,3
2026014,2026-01-14,346,3
2026015,2026-01-15,346,3
2026016,2026-01-16,346,3
2026017,2026-01-17,346,3
2026018,2026-01-18,346,3
2026019,2026-01-19,346,3
2026020,2026-01-20,346,3
2026021,2026-01-21,346,3
2026022,2026-01-22,346,3
2026023,2026-01-23,346,3
2026024,2026-01-24,346,3
2026025,2026-01-25,346,3
2026026,2026-01-26,346,3
2026027,2026-01-27,346,3
2026028,2026-01-28,346,3
2026029,2026-01-29,346,3
2026030,2026-01-30,346,3
2026031,2026-01-31,346,3
2026032,2026-02-01,346,3
2026033,2026-02-02,346,3
2026034,2026-02-03,346,3
2026035,2026-02-04,346,3
2026036,2026-02-05,346,3
2026037,2026-02-06,346,3
2026038,2026-02-07,346,3
2026039,2026-02-08,346,3
2026040,2026-02-09,346,3
2026041,2026-02-10,346,3
2026042,2026-02-11,346,3
2026043,2026-02-12,346,3
2026044,2026-02-13,346,3
2026045,2026-02-24,346,3
2026046,2026-02-25,346,3
2026047,2026-02-26,346,3
2026048,2026-02-27,346,3
2026049,2026-02-28,346,3
2026050,2026-03-01,346,3
2026051,2026-03-02,346,3
2026052,2026-03-03,346,3
2026053,2026-03-04,346,3
2026054,2026-03-05,346,3
2026055,2026-03-06,346,3
2026056,2026-03-07,346,3
2026057,2026-03-08,346,3
2026058,2026-03-09,346,3
2026059,2026-03-10,346,3
2026060,2026-03-11,346,3
2026061,2026-03-12,346,3
2026062,2026-03-13,346,3
2026063,2026-03-14,346,3
2026064,2026-03-15,346,3
2026065,2026-03-16,346,3
2026066,2026-03-17,346,3
2026067,2026-03-18,346,3
2026068,2026-03-19,346,3
2026069,2026-03-20,346,3
2026070,2026-03-21,346,3
2026071,2026-03-22,346,3
2026072,2026-03-23,346,3
2026073,2026-03-24,346,3
2026074,2026-03-25,346,3
2026075,2026-03-26,346,3
2026076,2026-03-27,346,3
2026077,2026-03-28,346,3
2026078,2026-03-29,346,3
2026079,2026-03-30,346,3
2026080,2026-03-31,346,3
2026081,2026-04-01,346,3
2026082,2026-04-02,346,3
2026083,2026-04-03,346,3
2026084,2026-04-04,346,3
2026085,2026-04-05,346,3
2026086,2026-04-06,346,3
2026087,2026-04-07,346,3
2026088,2026-04-08,346,3
2026089,2026-04-09,346,3
2026090,2026-04-10,346,3
2026091,2026-04-11,346,3
2026092,2026-04-12,346,3
2026093,2026-04-13,346,3
2026094,2026-04-14,346,3
2026095,2026-04-15,346,3
2026096,2026-04-16,346,3
2026097,2026-04-17,346,3
2026098,2026-04-18,346,3
2026099,2026-04-19,346,3
2026100,2026-04-20,346,3
2026101,2026-04-21,346,3
2026102,2026-04-22,346,3
2026103,2026-04-23,346,3
2026104,2026-04-24,346,3
2026105,2026-04-25,346,3
2026106,2026-04-26,346,3
2026107,2026-04-27,346,3
2026108,2026-04-28,346,3
2026109,2026-04-29,346,3
2026110,2026-04-30,346,3
2026111,2026-05-01,346,3
2026112,2026-05-02,346,3
2026113,2026-05-03,346,3
2026114,2026-05-04,346,3
2026115,2026-05-05,346,3
2026116,2026-05-06,346,3
2026117,2026-05-07,346,3
2026118,2026-05-08,346,3
2026119,2026-05-09,346,3
2026120,2026-05-10,346,3
2026121,2026-05-11,346,3
2026122,2026-05-12,346,3
2026123,2026-05-13,200,3
2026124,2026-05-14,280,3
2026125,2026-05-15,954,3
2026126,2026-05-16,846,3
2026127,2026-05-17,700,3
2026128,2026-05-18,776,3
2026129,2026-05-19,023,3
2026130,2026-05-20,267,3
2026131,2026-05-21,598,3
2026132,2026-05-22,756,3
2026133,2026-05-23,080,3
2026134,2026-05-24,654,3
2026135,2026-05-25,487,3
2026136,2026-05-26,889,3
2026137,2026-05-27,165,3
2026138,2026-05-28,790,3
2026139,2026-05-29,286,3
2026140,2026-05-30,285,3
2026141,2026-05-31,397,3
2026142,2026-06-01,894,3
2026143,2026-06-02,376,3
2026144,2026-06-03,726,3
2026145,2026-06-04,279,3
2026146,2026-06-05,464,3
2026147,2026-06-06,712,3
2026148,2026-06-07,408,3
2026149,2026-06-08,696,3
2026150,2026-06-09,720,3
2026151,2026-06-10,631,3
2026152,2026-06-11,220,3
2026153,2026-06-12,887,3
2026154,2026-06-13,377,3
2026155,2026-06-14,409,3
2026156,2026-06-15,162,3
2026157,2026-06-16,327,3
2026158,2026-06-17,178,3
2026159,2026-06-18,995,3
2026160,2026-06-19,332,3
2026161,2026-06-20,529,3
2026162,2026-06-21,585,3
2026163,2026-06-22,537,3
2026164,2026-06-23,690,3
2026165,2026-06-24,424,3
2026166,2026-06-25,900,3
2026167,2026-06-26,631,3
2026168,2026-06-27,130,3
2026169,2026-06-28,832,3
2026170,2026-06-29,805,3
